Repository,Stars,Contributor,Location
AutoGPT,170949,Significant-Gravitas,"Delft, NL"
AutoGPT,170949,Significant-Gravitas,UK
AutoGPT,170949,Significant-Gravitas,"Kent, UK"
AutoGPT,170949,Significant-Gravitas,Berlin
AutoGPT,170949,Significant-Gravitas,Amsterdam
AutoGPT,170949,Significant-Gravitas,Texas
AutoGPT,170949,Significant-Gravitas,Some Where In Space I Think?
AutoGPT,170949,Significant-Gravitas,Scotland
AutoGPT,170949,Significant-Gravitas,Colombia
AutoGPT,170949,Significant-Gravitas,United States
AutoGPT,170949,Significant-Gravitas,"Oxford, England"
AutoGPT,170949,Significant-Gravitas,Somewhere
AutoGPT,170949,Significant-Gravitas,Serris
AutoGPT,170949,Significant-Gravitas,"Utrecht, Netherlands"
AutoGPT,170949,Significant-Gravitas,Denver
AutoGPT,170949,Significant-Gravitas,India
AutoGPT,170949,Significant-Gravitas,Germany
AutoGPT,170949,Significant-Gravitas,"Sofia, Bulgaria"
AutoGPT,170949,Significant-Gravitas,Schengen
stable-diffusion-webui,146591,AUTOMATIC1111,Finland
stable-diffusion-webui,146591,AUTOMATIC1111,"Hsinchu, Taiwan"
stable-diffusion-webui,146591,AUTOMATIC1111,"Miami, Florida"
stable-diffusion-webui,146591,AUTOMATIC1111,Indonesia
stable-diffusion-webui,146591,AUTOMATIC1111,"Saint Louis, US"
stable-diffusion-webui,146591,AUTOMATIC1111,New York City
supabase,76702,supabase,Singapore
supabase,76702,supabase,Earth
supabase,76702,supabase,Newfoundland
supabase,76702,supabase,Singapore
supabase,76702,supabase,Italy
supabase,76702,supabase,your mom's house
supabase,76702,supabase,Singapore
supabase,76702,supabase,Singapore
supabase,76702,supabase,Tokyo
supabase,76702,supabase,SIngapore
supabase,76702,supabase,"Skopje, Macedonia"
supabase,76702,supabase,Singapore
supabase,76702,supabase,United Kingdom
supabase,76702,supabase,Singapore
supabase,76702,supabase,Singapore
supabase,76702,supabase,Singapore
supabase,76702,supabase,"New York, NY"
supabase,76702,supabase,"Skopje, Republic of North Macedonia"
supabase,76702,supabase,USA
supabase,76702,supabase,"London, UK"
supabase,76702,supabase,Singapore
supabase,76702,supabase,Maringá
supabase,76702,supabase,"Palma, Illes Balears, Spain"
generative-ai-for-beginners,69367,microsoft,"Stockholm, Sweden "
generative-ai-for-beginners,69367,microsoft,"Cairo, Egypt"
generative-ai-for-beginners,69367,microsoft,Japan
generative-ai-for-beginners,69367,microsoft,Rio de Janeiro
generative-ai-for-beginners,69367,microsoft,WorldWide
generative-ai-for-beginners,69367,microsoft,"Rome, Italy"
generative-ai-for-beginners,69367,microsoft,London
generative-ai-for-beginners,69367,microsoft,NY
generative-ai-for-beginners,69367,microsoft,Germany
generative-ai-for-beginners,69367,microsoft,"Bogotá, Colombia"
generative-ai-for-beginners,69367,microsoft,China
generative-ai-for-beginners,69367,microsoft,Kenya
generative-ai-for-beginners,69367,microsoft,"Brooklyn, NY"
generative-ai-for-beginners,69367,microsoft,World!
generative-ai-for-beginners,69367,microsoft,Japan
generative-ai-for-beginners,69367,microsoft,Zurich
generative-ai-for-beginners,69367,microsoft,Antarctica
generative-ai-for-beginners,69367,microsoft,"Espoo, Finland"
generative-ai-for-beginners,69367,microsoft,"London, UK"
generative-ai-for-beginners,69367,microsoft,"Suwon-si, Gyunggi-do, Korea."
generative-ai-for-beginners,69367,microsoft,Singapore
generative-ai-for-beginners,69367,microsoft,"Redmond, WA"
open-webui,63564,open-webui,localhost
open-webui,63564,open-webui,United Kingdom
open-webui,63564,open-webui,"Munich, Bavaria, Germany"
open-webui,63564,open-webui,Bristol
open-webui,63564,open-webui,South China Normal University
open-webui,63564,open-webui,China
open-webui,63564,open-webui,"Vancouver, BC"
open-webui,63564,open-webui,"Tehran, Iran"
open-webui,63564,open-webui,Los Angeles
open-webui,63564,open-webui,Vietnam
open-webui,63564,open-webui,"Hamilton, Ontario, Canada"
open-webui,63564,open-webui,"Helsinki, Finland"
open-webui,63564,open-webui,Foligno
open-webui,63564,open-webui,Barcelona
open-webui,63564,open-webui,"Taipei City , Taiwan"
open-webui,63564,open-webui,"Chicago, IL"
open-webui,63564,open-webui,"Tulsa, Oklahoma, USA"
open-webui,63564,open-webui,CN-SH
dify,60594,langgenius,Earth
dify,60594,langgenius,SuZhou
dify,60594,langgenius,天堂度假村
dify,60594,langgenius,"Guangzhou, China"
dify,60594,langgenius,People's republic of china
dify,60594,langgenius,苏州
dify,60594,langgenius,Suzhou
dify,60594,langgenius,China
dify,60594,langgenius,shenzhen/China
dify,60594,langgenius,Vietnam
dify,60594,langgenius,"Suzhou,Jiangsu,China"
dify,60594,langgenius,"Nanjing,China"
dify,60594,langgenius,"Hangzhou, China"
dify,60594,langgenius,Shenzhen
dify,60594,langgenius,"chengdu,china"
dify,60594,langgenius,Japan
dify,60594,langgenius,"ChengDu, SiChuan, China."
dify,60594,langgenius,SZ.China
n8n,57444,n8n-io,"Berlin, Germany"
n8n,57444,n8n-io,"Berlin, Germany"
n8n,57444,n8n-io,"Timisoara, Romania"
n8n,57444,n8n-io,Henley-on-Thames / UK
n8n,57444,n8n-io,"Tampere, Finland"
n8n,57444,n8n-io,"Biatorbágy, Hungary"
n8n,57444,n8n-io,Prague
n8n,57444,n8n-io,"Porto, Portugal"
n8n,57444,n8n-io,Berlin
n8n,57444,n8n-io,"Ghent, Belgium"
n8n,57444,n8n-io,"Berlin, Germany"
n8n,57444,n8n-io,Berlin
n8n,57444,n8n-io,Berlin
n8n,57444,n8n-io,Berlin
n8n,57444,n8n-io,Berlin
n8n,57444,n8n-io,"Berlin, Germany"
n8n,57444,n8n-io,Regensburg
n8n,57444,n8n-io,Berlin
n8n,57444,n8n-io,"Berlin, Germany"
n8n,57444,n8n-io,"West Yorkshire, UK"
ChatGPT,53512,lencx,Shanghai
ChatGPT,53512,lencx,China
ChatGPT,53512,lencx,China
ChatGPT,53512,lencx,United States
ChatGPT,53512,lencx,"Bangalore, India"
ChatGPT,53512,lencx,Tunisia
ChatGPT,53512,lencx,Shanghai
ChatGPT,53512,lencx,China
ChatGPT,53512,lencx,Yinchuan → Qingdao → Beijing
ChatGPT,53512,lencx,"Chicago, USA"
ChatGPT,53512,lencx,London
ChatGPT,53512,lencx,Grenoble
ChatGPT,53512,lencx,"Taipei, Taiwan"
ChatGPT,53512,lencx,Mumbai india
ChatGPT,53512,lencx,Bay Area
ChatGPT,53512,lencx,Norway
ChatGPT,53512,lencx,"Barcelona, Catalonia"
ChatGPT,53512,lencx,"Pittsburgh, PA, U.S.A."
ChatGPT,53512,lencx,"Brasília, Distrito Federal, Brasil"
ChatGPT,53512,lencx,"Haidian, Beijing"
ChatGPT,53512,lencx,Japan
ChatGPT,53512,lencx,Canada
gpt-engineer,52963,AntonOsika,"SF Bay Area, USA"
gpt-engineer,52963,AntonOsika,"Bonn, Germany"
gpt-engineer,52963,AntonOsika,"Zagreb, Croatia"
gpt-engineer,52963,AntonOsika,São José dos Campos - SP - Brazil
gpt-engineer,52963,AntonOsika,"Lund, Sweden"
gpt-engineer,52963,AntonOsika,Stockholm
gpt-engineer,52963,AntonOsika,Stockholm
gpt-engineer,52963,AntonOsika,"Stockholm, Sweden"
gpt-engineer,52963,AntonOsika,"Varna, Bulgaria"
gpt-engineer,52963,AntonOsika,"Málaga, Spain"
gpt-engineer,52963,AntonOsika,Sweden
gpt-engineer,52963,AntonOsika,Texas
gpt-engineer,52963,AntonOsika,"Ulm, Germany"
gpt-engineer,52963,AntonOsika,"Delhi, India"
gpt-engineer,52963,AntonOsika,San Francisco
gpt-engineer,52963,AntonOsika,s'Hertogenbosch
gpt-engineer,52963,AntonOsika,Michigan
lobe-chat,52477,lobehub,CI
lobe-chat,52477,lobehub,Chengdu China
lobe-chat,52477,lobehub,CI
lobe-chat,52477,lobehub,"Shanghai, China"
lobe-chat,52477,lobehub,China
lobe-chat,52477,lobehub,China
lobe-chat,52477,lobehub,"Beijing, China"
lobe-chat,52477,lobehub,undefined
lobe-chat,52477,lobehub,Shanghai
lobe-chat,52477,lobehub,Hangzhou
lobe-chat,52477,lobehub,"Chengdu, China"
lobe-chat,52477,lobehub,"Chengdu, China"
lobe-chat,52477,lobehub,@Zach
lobe-chat,52477,lobehub,"Russia, Ekaterinburg"
lobe-chat,52477,lobehub,"Tokyo, Japan"
